Entidad Federativa,Municipio,No de Permiso,Nombre de la gasolinera,Dirección
Ciudad de Mexico,Alvaro Obregon,PL/905/EXP/ES/2015,ESTACIÓN DE SERVICIO CORCELES S.A. DE C.V.,Calzada de Los Corceles No. 300
Ciudad de Mexico,Alvaro Obregon,PL/8139/EXP/ES/2015,ESTACIÓN DE CARGA PERIFÉRICO SUR LM S.A. DE C.V.,Prolongación 5 de Mayo No. 3169
Ciudad de Mexico,Alvaro Obregon,PL/8137/EXP/ES/2015,PAVIRO S.A. DE C.V.,Romulo O´ Farril 298
Ciudad de Mexico,Alvaro Obregon,PL/8135/EXP/ES/2015,ESTACIÓN DE CARGA PERIFÉRICO SUR LM S.A. DE C.V.,Avenida Central No. 368-F
Ciudad de Mexico,Alvaro Obregon,PL/6705/EXP/ES/2015,CONSORCIO GASOLINERO PLUS S.A. DE C.V.,Insurgentes Sur No. 2075 Y La Paz
Ciudad de Mexico,Alvaro Obregon,PL/6350/EXP/ES/2015,CONSORCIO GASOLINERO PLUS S.A. DE C.V.,Camino Real a Toluca No. 521
Ciudad de Mexico,Alvaro Obregon,PL/4126/EXP/ES/2015,MEGA GASOLINERAS S.A DE C.V,Sagredo No. 265
Ciudad de Mexico,Alvaro Obregon,PL/2700/EXP/ES/2015,SERVICIO SAN PEDRO S.A. DE C.V.,Boulevard Adolfo López Mateos No. 282
Ciudad de Mexico,Alvaro Obregon,PL/2483/EXP/ES/2015,GASOLINERÍA MURCIA S.A. DE C.V.,Avenida Insurgentes Sur No. 1937
Ciudad de Mexico,Alvaro Obregon,PL/24510/EXP/ES/2022,"ENERGETICOS DEL PUEBLO, S.A. DE C.V.",AV.TAMAULIPAS NO. 1336 Y 1340
Ciudad de Mexico,Alvaro Obregon,PL/23267/EXP/ES/2020,"URBANA 270, S.A. DE C.V.",POSTES No. 114
Ciudad de Mexico,Alvaro Obregon,PL/22820/EXP/ES/2019,"Gasolinería Coral, S.A. de C.V.",Avenida Toluca No. 400
Ciudad de Mexico,Alvaro Obregon,PL/2279/EXP/ES/2015,SERVICIO IZQUIERDO S.A. DE C.V.,Boulevard Adolfo López Mateos No. 2491
Ciudad de Mexico,Alvaro Obregon,PL/2278/EXP/ES/2015,SERVICIOS LA CAÑADA S.A. DE C.V.,Periférico Sur No. 3352
Ciudad de Mexico,Alvaro Obregon,PL/22586/EXP/ES/2019,"ESTACIÓN DE SERVICIO ORIZABA, S.A. DE C.V.",PROLONGACIÓN GÓMEZ FARÍAS S/N
Ciudad de Mexico,Alvaro Obregon,PL/22422/EXP/ES/2019,SERVICIO PLATEROS SA DE CV,AV CENTENARIO No 985
Ciudad de Mexico,Alvaro Obregon,PL/20121/EXP/ES/2017,"SOLUCIONES P&L, S.A.P.I. DE C.V.",Boulevard Adolfo López Mateos No. 2173
Ciudad de Mexico,Alvaro Obregon,PL/1802/EXP/ES/2015,ESTACIÓN DE SERVICIO LAS ÁGUILAS S.A. DE C.V.,Calzada de Las Aguilas No. 912
Ciudad de Mexico,Alvaro Obregon,PL/1796/EXP/ES/2015,SERVICIO ALFONSO XIII S.A. DE C.V.,Avenida Santa Lucia No. 810
Ciudad de Mexico,Alvaro Obregon,PL/1316/EXP/ES/2015,SERVICIO J GUTIERREZ S.A. DE C.V.,Avenida Revolución No. 1649
Ciudad de Mexico,Alvaro Obregon,PL/1314/EXP/ES/2015,SERVICIO POINTER S.A. DE C.V.,Avenida 5 de Mayo No. 407
Ciudad de Mexico,Alvaro Obregon,PL/1223/EXP/ES/2015,BURBIL S.A. DE C.V.,Río Magdalena No. 10
Ciudad de Mexico,Alvaro Obregon,PL/1054/EXP/ES/2015,SERVICIO MONTE VERDE S.A. DE C.V.,Cda. de La Canoa No. 18
Ciudad de Mexico,Alvaro Obregon,PL/1052/EXP/ES/2015,SERVICIO ECLIPSE S.A. DE C.V.,Avenida Vasco de Quiroga No. 1845
Ciudad de Mexico,Azcapotzalco,PL/10293/EXP/ES/2015,SERVICIO CLAVERIA S.A. DE C.V.,Avenida Claveria No. 27
Ciudad de Mexico,Azcapotzalco,PL/1211/EXP/ES/2015,SERVICIO ORDAZ Y CARABALLO S. A.,Muitle No. 189
Ciudad de Mexico,Azcapotzalco,PL/1308/EXP/ES/2015,GRAFEL S. A.,Prolongación Sabino No. 494
Ciudad de Mexico,Azcapotzalco,PL/1385/EXP/ES/2015,SUPER SERVICIO NUEVO BC SA DE CV,Eje 5 Norte No. 1020
Ciudad de Mexico,Azcapotzalco,PL/1405/EXP/ES/2015,SERVICIO SEIS GIAR S. A. DE C. V.,Calle Zaragoza No. 8
Ciudad de Mexico,Azcapotzalco,PL/1467/EXP/ES/2015,SERVICIO BEGONIA S.A. DE C.V.,Calle Egipto No. 244
Ciudad de Mexico,Azcapotzalco,PL/21028/EXP/ES/2018,"SERVICIO EL ONCE, S.A. DE C.V.",CALLE PINO No. 623 ESQ. ANTONIO VALERIANO
Ciudad de Mexico,Azcapotzalco,PL/2251/EXP/ES/2015,GRUPO AZCA S.A. DE C.V.,Calle Cuauhtémoc No. 40
Ciudad de Mexico,Azcapotzalco,PL/25745/EXP/ES/2024,"GRUPO GASOLTEC, S.A. DE C.V.",PONIENTE 128 NO. 470
Ciudad de Mexico,Azcapotzalco,PL/4902/EXP/ES/2015,OPERADORA DE GASOLINERIA EL COTERON S.A. DE C.V.,Norte 79a Esquina Camarones No. 284
Ciudad de Mexico,Azcapotzalco,PL/5393/EXP/ES/2015,GASOLINERÍA ALTADENA S.A. DE C.V.,Avenida Deportivo Reynosa Eje 5 Norte No. 1010
Ciudad de Mexico,Azcapotzalco,PL/5601/EXP/ES/2015,SERVICIO GASOLINERO AZCAPOTZALCO S.A. DE C.V.,Avenida Tezozomoc No. 246
Ciudad de Mexico,Azcapotzalco,PL/6956/EXP/ES/2015,GAS 122 S.A. DE C.V.,Poniente 122 No. 672
Ciudad de Mexico,Azcapotzalco,PL/6962/EXP/ES/2015,ESTACIÓN DE SERVICIO VALLEJO S.A. DE C.V.,Avenida Ceylan No. 613
Ciudad de Mexico,Azcapotzalco,PL/8008/EXP/ES/2015,"GPDC Estaciones de Servicio, S. A. DE C. V.",Santo Tomas No. 11
Ciudad de Mexico,Azcapotzalco,PL/8136/EXP/ES/2015,SÚPER SERVICIO GRANJAS S. A.,Avenida de Las Granjas No. 751
Ciudad de Mexico,Azcapotzalco,PL/9257/EXP/ES/2015,SERVICIO NORTE 45 S.A. DE C.V.,Norte 45 No. 970
Ciudad de Mexico,Azcapotzalco,PL/9398/EXP/ES/2015,YUMKA S.A. DE C.V.,Tezozomoc No. 51 Y 53
Ciudad de Mexico,Azcapotzalco,PL/952/EXP/ES/2015,GASOLINERA EL RUEDO S.A. DE C.V.,Calzada Vallejo No. 510
Ciudad de Mexico,Azcapotzalco,PL/988/EXP/ES/2015,SERVICIO JOPEL S.A. DE C.V.,Calle Coachilco No. 61
Ciudad de Mexico,Benito Juarez,PL/10897/EXP/ES/2015,"BP ESTACIONES Y SERVICIOS ENERGETICOS, S.A. DE C.V.",Felix Cuevas No. 435
Ciudad de Mexico,Benito Juarez,PL/1156/EXP/ES/2015,SERVICIO GASOLINERO XOLA S.A. DE C.V.,Boulevard Xola Eje 4 Sur No. 1403
Ciudad de Mexico,Benito Juarez,PL/1230/EXP/ES/2015,SERVICIO VÍCTOR HUGO S.A. DE C.V.,Víctor Hugo No. 152
Ciudad de Mexico,Benito Juarez,PL/1466/EXP/ES/2015,"GPDC Estaciones de Servicio, S. A. DE C. V.",Avenida Cuauhtémoc No. 1037
Ciudad de Mexico,Benito Juarez,PL/1613/EXP/ES/2015,SERVICIO AUTOMOTRIZ INSURGENTES S.A. DE C.V.,Avenida Insurgentes Sur No. 1428
Ciudad de Mexico,Benito Juarez,PL/1768/EXP/ES/2015,SERVICIO ERMITA S.A. DE C.V.,Calzada de Tlalpan No. 1577
Ciudad de Mexico,Benito Juarez,PL/2094/EXP/ES/2015,MARÍA ARACELI ALEMAN SOLIS,Obrero Mundial No. 133
Ciudad de Mexico,Benito Juarez,PL/24407/EXP/ES/2022,"CR 88, S.A.P.I. DE C.V.","Calle Dr. Vertiz, número 640"
Ciudad de Mexico,Benito Juarez,PL/2443/EXP/ES/2015,GRUPO MACRUZ S.A. DE C.V.,Cumbres de Maltrata No. 462
Ciudad de Mexico,Benito Juarez,PL/2468/EXP/ES/2015,GASOLINERÍA MURCIA S.A. DE C.V.,Avenida Revolución No. 847
Ciudad de Mexico,Benito Juarez,PL/25131/EXP/ES/2023,"CR 88, S.A.P.I. DE C.V.",Calzada de Tlalpan No. 842
Ciudad de Mexico,Benito Juarez,PL/2789/EXP/ES/2015,LENIGAS S.A. DE C.V.,Xola No. 732
Ciudad de Mexico,Benito Juarez,PL/2901/EXP/ES/2015,SERVICIO REVOLUCIÓN 0036 S.A. DE C.V.,Avenida Revolución No. 420
Ciudad de Mexico,Benito Juarez,PL/3059/EXP/ES/2015,BENZINA S.A. DE C.V.,Boulevard Adolfo López Mateos No. 315
Ciudad de Mexico,Benito Juarez,PL/3151/EXP/ES/2015,SERVICIO MIRAMONTES S. A.,Avenida Plutarco Elías Calles No. 1637
Ciudad de Mexico,Benito Juarez,PL/3202/EXP/ES/2015,CONSORCIO GASOLINERO PLUS S.A. DE C.V.,Alfonso Y Xola No. 18
Ciudad de Mexico,Benito Juarez,PL/3204/EXP/ES/2015,CONSORCIO GASOLINERO PLUS S.A. DE C.V.,Calzada de Tlalpan No. 1395
Ciudad de Mexico,Benito Juarez,PL/3279/EXP/ES/2015,SERVICIO DAKOTA S.A. DE C.V.,Avenida Dakota No. 56
Ciudad de Mexico,Benito Juarez,PL/3954/EXP/ES/2015,INN NUEVA YORK S.A. DE C.V.,Calle Georgia No. 37
Ciudad de Mexico,Benito Juarez,PL/4112/EXP/ES/2015,CONSORCIO GASOLINERO PLUS S.A. DE C.V.,Alfonso Xiii Esquina Obrero Mundial
Ciudad de Mexico,Benito Juarez,PL/4252/EXP/ES/2015,GAS ROAN S.A. DE C.V.,Soria No. 6
Ciudad de Mexico,Benito Juarez,PL/4542/EXP/ES/2015,CONSORCIO GASOLINERO PLUS S.A. DE C.V.,Avenida Universidad No. 1291 Esquina Coyoacán
Ciudad de Mexico,Benito Juarez,PL/4826/EXP/ES/2015,PROMO GAS S.A. DE C.V.,Avenida Tintoreto Eje 6 Sur No. 20
Ciudad de Mexico,Benito Juarez,PL/5883/EXP/ES/2015,FRANCISCO PADILLA ORTIZ,Peten No. 228
Ciudad de Mexico,Benito Juarez,PL/5954/EXP/ES/2015,SERVICIO CASCADIÑA S.A. DE C.V.,Caleta No. 28
Ciudad de Mexico,Benito Juarez,PL/615/EXP/ES/2015,PETROMAX S.A. DE C.V.,Avenida Revolución No. 775
Ciudad de Mexico,Benito Juarez,PL/6687/EXP/ES/2015,CONSORCIO GASOLINERO PLUS S.A. DE C.V.,Calle Murillo No. 21 Y Miguel Angel
Ciudad de Mexico,Benito Juarez,PL/6696/EXP/ES/2015,CONSORCIO GASOLINERO PLUS S.A. DE C.V.,División del Norte No. 804 Y Luz Savinon
Ciudad de Mexico,Benito Juarez,PL/6710/EXP/ES/2015,CONSORCIO GASOLINERO PLUS S.A. DE C.V.,Avenida Coyoacan No. 107 Esquina Avenida Providencia
Ciudad de Mexico,Benito Juarez,PL/6749/EXP/ES/2015,CONSORCIO GASOLINERO PLUS S.A. DE C.V.,Insurgentes Sur No. 553 Esquina División del Norte
Ciudad de Mexico,Benito Juarez,PL/6845/EXP/ES/2015,SERVICIO INTEGRAL NACIONAL S.A. DE C.V.,Avenida Popocatepetl No. 220
Ciudad de Mexico,Benito Juarez,PL/6936/EXP/ES/2015,SERVICIO EJE SEIS S.A. DE C.V.,Eje Seis Sur Independencia No. 110
Ciudad de Mexico,Benito Juarez,PL/6944/EXP/ES/2015,CONXO S.A. DE C.V.,Avenida Patriotismo No. 263
Ciudad de Mexico,Benito Juarez,PL/7395/EXP/ES/2015,SERVICIO AUTOMOTRIZ XOLA S.A. DE C.V.,Xola No. 135
Ciudad de Mexico,Benito Juarez,PL/8535/EXP/ES/2015,SERVICIO RIVIERA S. A.,Avenida División del Norte No. 1231
Ciudad de Mexico,Benito Juarez,PL/941/EXP/ES/2015,SERVICIO DANIELA S.A. DE C.V.,Calzada de Tlalpan No. 985
Ciudad de Mexico,Benito Juarez,PL/963/EXP/ES/2015,"GPDC Estaciones de Servicio, S. A. DE C. V.",Avenida Popocatépetl No. 415
Ciudad de Mexico,Benito Juarez,PL/9673/EXP/ES/2015,SERVICIOS SIMPA S.A. DE C.V.,Torres Adalid No. 1401
Ciudad de Mexico,Coyoacan,PL/10791/EXP/ES/2015,UNIVERSIDAD NACIONAL AUTÓNOMA DE MÉXICO,Avenida Universidad No. 3000
Ciudad de Mexico,Coyoacan,PL/11958/EXP/ES/2015,SÚPER SERVICIO TAXQUEÑA S.A. DE C.V.,Euiropa No. 23 Esquina Miguel A. de Quevedo
Ciudad de Mexico,Coyoacan,PL/12674/EXP/ES/2015,SERVICIO EL HUESO S.A. DE C.V.,Calzada del Hueso No. 966
Ciudad de Mexico,Coyoacan,PL/1310/EXP/ES/2015,AUTOCONSUMO TLALPAN S.A. DE C.V.,Calzada de Tlalpan No. 2814
Ciudad de Mexico,Coyoacan,PL/1403/EXP/ES/2015,SERVICIO CHURUBUSCO S.A. DE C.V.,Calzada de Tlalpan No. 1857
Ciudad de Mexico,Coyoacan,PL/1553/EXP/ES/2015,BP ESTACIONES Y SERVICIOS ENERGÉTICOS S.A. DE C.V.,Calzada Taxqueña No. 1744
Ciudad de Mexico,Coyoacan,PL/1618/EXP/ES/2015,SERVICIO DIVISIÓN S.A. DE C.V.,Calzada de Las Bombas No. 87
Ciudad de Mexico,Coyoacan,PL/1660/EXP/ES/2015,SERVICIO IMÁN S.A. DE C.V.,Periférico Sur No. 5550
Ciudad de Mexico,Coyoacan,PL/1662/EXP/ES/2015,GRUPO ARKANE S.A. DE C.V.,Eje 6 Ángel Urraza No. 1714
Ciudad de Mexico,Coyoacan,PL/1663/EXP/ES/2015,INMOBILIARIA LIRCA S.A. DE C.V.,Canal de Miramontes No. 2762
Ciudad de Mexico,Coyoacan,PL/1665/EXP/ES/2015,GASOLINERÍA PALACIOS S.A. DE C.V.,Calzada de Tlalpan No. 1882
Ciudad de Mexico,Coyoacan,PL/1738/EXP/ES/2015,SERVICIO EJE 10 S.A. DE C.V.,Avenida de Las Torres Gigantes No. 80
Ciudad de Mexico,Coyoacan,PL/2481/EXP/ES/2015,SERVICIO RODASA S.A. DE C.V.,Avenida División del Norte No. 3101
Ciudad de Mexico,Coyoacan,PL/25759/EXP/ES/2024,"SERVICIO ESTRIUNFOLI, S.A. DE C.V.","Calzada de Tlalpan, número 2608"
Ciudad de Mexico,Coyoacan,PL/3369/EXP/ES/2015,SERVICIO COYOACAN S.A. DE C.V.,Y Psi No. 5 Esquina Miguel Ángel de Quevedo
Ciudad de Mexico,Coyoacan,PL/3736/EXP/ES/2015,SERVICIO BONAR S.A. DE C.V.,Calzada de Tlalpan No. 3451
Ciudad de Mexico,Coyoacan,PL/4923/EXP/ES/2015,OPERADORA GASOIL S.A. DE C.V.,Avenida División del Norte No. 2570
Ciudad de Mexico,Coyoacan,PL/6487/EXP/ES/2015,SERVICIO SANTA URSULA S.A. DE C.V.,Calzada de Tlalpan No. 3039
Ciudad de Mexico,Coyoacan,PL/650/EXP/ES/2015,GASOMAC S.A. DE C.V.,Calzada de Tlalpan No. 2803
Ciudad de Mexico,Coyoacan,PL/6541/EXP/ES/2015,LUIS CABALLERO NAVARRO,Retorno 816 No. 8
Ciudad de Mexico,Coyoacan,PL/659/EXP/ES/2015,MINI SERVICIO JET S.A. DE C.V.,Avenida Monserrat No. 161
Ciudad de Mexico,Coyoacan,PL/8185/EXP/ES/2015,SERVICIOS CIUDAD JARDIN S.A. DE C.V.,Calzada de Tlalpan No. 2279
Ciudad de Mexico,Coyoacan,PL/8351/EXP/ES/2015,SECRETARIA DE MARINA,Calzada de La Virgen No. 1800
Ciudad de Mexico,Coyoacan,PL/866/EXP/ES/2015,AUTOCONSUMO LOS PINOS S.A. DE C.V.,Avenida Periférico Sur No. 5550
Ciudad de Mexico,Coyoacan,PL/881/EXP/ES/2015,SERVICIO AGUA BRAVA S.A. DE C.V.,Calzada de Las Bombas No. 77
Ciudad de Mexico,Coyoacan,PL/882/EXP/ES/2015,BP ESTACIONES Y SERVICIOS ENERGÉTICOS S.A. DE C.V.,Avenida Canal de Miramontes No. 2727
Ciudad de Mexico,Coyoacan,PL/8907/EXP/ES/2015,CORPORACIÓN GASOLINERA MILLENIUM S.A. DE C.V.,Centenario No. 13
Ciudad de Mexico,Cuajimalpa de Morelos,PL/1145/EXP/ES/2015,SÚPER SERVICIO GRAN PREMIO S.A. DE C.V.,Carretera México - Toluca No. 3346
Ciudad de Mexico,Cuajimalpa de Morelos,PL/1354/EXP/ES/2015,OPERADORA DE SERVICIOS REFORMA S.A. DE C.V.,Avenida Prolongación Bosques de La Reforma No. 1390
Ciudad de Mexico,Cuajimalpa de Morelos,PL/1358/EXP/ES/2015,SERVICIO LOMAS DE VISTA HERMOSA S.A. DE C.V.,Avenida Tamaulipas No. 3790
Ciudad de Mexico,Cuajimalpa de Morelos,PL/6556/EXP/ES/2015,GRUPO TAMBRE S.A. DE C.V.,Carretera México-Toluca No. 5397
Ciudad de Mexico,Cuajimalpa de Morelos,PL/7808/EXP/ES/2015,SÚPER SERVICIO CARRETERA S.A. DE C.V.,Carretera México Toluca Km 15 No. 4279
Ciudad de Mexico,Cuajimalpa de Morelos,PL/784/EXP/ES/2015,"BP ESTACIONES Y SERVICIOS ENERGETICOS, S.A. DE C.V.",Avenida Veracruz No. 91
Ciudad de Mexico,Cuajimalpa de Morelos,PL/9395/EXP/ES/2015,SERVICIO CUAJIMALPA S.A. DE C.V.,Carretera México - Toluca No. 5693
Ciudad de Mexico,Cuauhtemoc,PL/10084/EXP/ES/2015,NACIONAL DE COMBUSTIBLES Y LUBRICANTES S.A. DE C.V.,Avenida Durango S/N Esquina Veracruz
Ciudad de Mexico,Cuauhtemoc,PL/10087/EXP/ES/2015,NACIONAL DE COMBUSTIBLES Y LUBRICANTES S.A. DE C.V.,Ricardo Flores Magon No. 226
Ciudad de Mexico,Cuauhtemoc,PL/1012/EXP/ES/2015,ESTACIÓN DE SERVICIO ESTADIO S.A. DE C.V.,Avenida Yucatán No. 155
Ciudad de Mexico,Cuauhtemoc,PL/10160/EXP/ES/2015,NACIONAL DE COMBUSTIBLES Y LUBRICANTES S.A. DE C.V.,Rio Lerma No. 71 Esquina Rio Rhin
Ciudad de Mexico,Cuauhtemoc,PL/10200/EXP/ES/2015,NACIONAL DE COMBUSTIBLES Y LUBRICANTES S.A. DE C.V.,Avenida José Tomas Cuellar No. 3
Ciudad de Mexico,Cuauhtemoc,PL/10304/EXP/ES/2015,YUMKA S.A. DE C.V.,Dr. José María Vertiz No. 419
Ciudad de Mexico,Cuauhtemoc,PL/10857/EXP/ES/2015,"GASOLINERA PARIS, S.A. DE C.V.",Calzada de La Viga No. 44
Ciudad de Mexico,Cuauhtemoc,PL/10909/EXP/ES/2015,OPERADORA DE MINIESTACIONES COMBUSERV S.A. DE C.V.,Bolivar Esquina San Jeronimo No. 102
Ciudad de Mexico,Cuauhtemoc,PL/10911/EXP/ES/2015,OPERADORA DE MINIESTACIONES COMBUSERV S.A. DE C.V.,Doctor Carmona Y Valle No. 48
Ciudad de Mexico,Cuauhtemoc,PL/1525/EXP/ES/2015,SUAGUE S.A. DE C.V.,Avenida Insurgentes Sur No. 507
Ciudad de Mexico,Cuauhtemoc,PL/2092/EXP/ES/2015,SERVICIO MÉRIDA S.A. DE C.V.,Mérida No. 110
Ciudad de Mexico,Cuauhtemoc,PL/21182/EXP/ES/2018,SERVICIO QADIRA S.A. DE C.V.,"CIRCUITO INTERIOR, AV. RIO CONSULADO 461"
Ciudad de Mexico,Cuauhtemoc,PL/24409/EXP/ES/2022,"CR 88, S.A.P.I. DE C.V.","Calle Villalongín No. 6, esquina con Avenida Insurgentes y Paseo de la Reforma"
Ciudad de Mexico,Cuauhtemoc,PL/24685/EXP/ES/2022,"CR 88, S.A.P.I. DE C.V.",Guillermo Prieto No. 130 esq. Melchor Ocampo
Ciudad de Mexico,Cuauhtemoc,PL/2724/EXP/ES/2015,SERVICIO MUSEO S.A. DE C.V.,Heroes Ferrocarrileros No. 63
Ciudad de Mexico,Cuauhtemoc,PL/2900/EXP/ES/2015,ESTACIÓN DE SERVICIO 0156 S.A. DE C.V.,Calzada de La Ronda No. 162
Ciudad de Mexico,Cuauhtemoc,PL/3200/EXP/ES/2015,CONSORCIO GASOLINERO PLUS S.A. DE C.V.,Cuauhtémoc No. 187 Esquina Querétaro Y Frontera
Ciudad de Mexico,Cuauhtemoc,PL/3203/EXP/ES/2015,CONSORCIO GASOLINERO PLUS S.A. DE C.V.,Eje Central Lázaro Cárdenas No. 199
Ciudad de Mexico,Cuauhtemoc,PL/3205/EXP/ES/2015,CONSORCIO GASOLINERO PLUS S.A. DE C.V.,Avenida No. 8 Esquina Sonora
Ciudad de Mexico,Cuauhtemoc,PL/3206/EXP/ES/2015,CONSORCIO GASOLINERO PLUS S.A. DE C.V.,Cedro No. 238 Esquina Carpio
Ciudad de Mexico,Cuauhtemoc,PL/3565/EXP/ES/2015,NACIONAL DE COMBUSTIBLES Y LUBRICANTES S.A. DE C.V.,Eje Central Lázaro Cárdenas No. 15
Ciudad de Mexico,Cuauhtemoc,PL/3569/EXP/ES/2015,NACIONAL DE COMBUSTIBLES Y LUBRICANTES S.A. DE C.V.,Avenida Peralvillo No. 61
Ciudad de Mexico,Cuauhtemoc,PL/4641/EXP/ES/2015,SERVICIO FERROCARRILES S.A. DE C.V.,Insurgentes Norte No. 200
Ciudad de Mexico,Cuauhtemoc,PL/5497/EXP/ES/2015,SERVICIO ALDAMA S. A.,Aldama No. 38
Ciudad de Mexico,Cuauhtemoc,PL/5975/EXP/ES/2015,SERVICIO DAN ROM S.A. DE C.V.,Juan A. Mateos No. 4
Ciudad de Mexico,Cuauhtemoc,PL/6364/EXP/ES/2015,CONSORCIO GASOLINERO PLUS S.A. DE C.V.,Campeche No. 214
Ciudad de Mexico,Cuauhtemoc,PL/6369/EXP/ES/2015,ESTACIÓN DE SERVICIO CALZADA DE LA VIGA S.A. DE C.V.,San Antonio Abad No. 295
Ciudad de Mexico,Cuauhtemoc,PL/6379/EXP/ES/2015,INMUEBLES JULIEN S. A.,Manuel Gonzalez No. 405
Ciudad de Mexico,Cuauhtemoc,PL/6565/EXP/ES/2015,CONSORCIO GASOLINERO PLUS S.A. DE C.V.,Avenida Guerrero No. 284
Ciudad de Mexico,Cuauhtemoc,PL/6694/EXP/ES/2015,CONSORCIO GASOLINERO PLUS S.A. DE C.V.,Yucatan No. 125 Y Tonala
Ciudad de Mexico,Cuauhtemoc,PL/6698/EXP/ES/2015,CONSORCIO GASOLINERO PLUS S.A. DE C.V.,Avenida Veracruz No. 2 Y Avenida Chapultepec
Ciudad de Mexico,Cuauhtemoc,PL/6700/EXP/ES/2015,CONSORCIO GASOLINERO PLUS S.A. DE C.V.,Morelia Y Puebla No. 137
Ciudad de Mexico,Cuauhtemoc,PL/6712/EXP/ES/2015,CONSORCIO GASOLINERO PLUS S.A. DE C.V.,Insurgentes Sur No. 289 Y Popocatepetl
Ciudad de Mexico,Cuauhtemoc,PL/6728/EXP/ES/2015,CONSORCIO GASOLINERO PLUS S.A. DE C.V.,Avenida Insurgentes Sur No. 541 Y Nuevo Leon
Ciudad de Mexico,Cuauhtemoc,PL/6759/EXP/ES/2015,ESTACIÓN DE SERVICIO MENORCA S.A. DE C.V.,Frayservando Teresa de Mier No. 299 Esquina Clavijero
Ciudad de Mexico,Cuauhtemoc,PL/6770/EXP/ES/2015,CONSORCIO GASOLINERO PLUS S.A. DE C.V.,Barcelona No. 37 Esquina Versalles
Ciudad de Mexico,Cuauhtemoc,PL/6857/EXP/ES/2015,SERVICIO RÍO DE LA PLATA S.A. DE C.V.,Rio de La Plata No. 2
Ciudad de Mexico,Cuauhtemoc,PL/7540/EXP/ES/2015,SERVICIO MONCOBE S.A. DE C.V.,Calzada de La Viga No. 175
Ciudad de Mexico,Cuauhtemoc,PL/7803/EXP/ES/2015,SÚPER SERVICIO NUEVO BC S.A. DE C.V.,Nuevo Leon No. 179
Ciudad de Mexico,Cuauhtemoc,PL/8368/EXP/ES/2015,CONSORCIO GASOLINERO PLUS S.A. DE C.V.,Calzada Guadalupe No. 52
Ciudad de Mexico,Cuauhtemoc,PL/8719/EXP/ES/2015,SERVICIO COMONFORT S.A. DE C.V.,Comonfort No. 45
Ciudad de Mexico,Cuauhtemoc,PL/8771/EXP/ES/2015,ESTACIÓN DE SERVICIO PARA AUTOS CENTRO S.A. DE C.V.,Lucas Alaman No. 177
Ciudad de Mexico,Cuauhtemoc,PL/8773/EXP/ES/2015,OPERADORA CIRCUNVALACIÓN S.A. DE C.V.,Cedro No. 333 Esquina Flores Magon
Ciudad de Mexico,Cuauhtemoc,PL/895/EXP/ES/2015,SEVEN SERVICE S.A. DE C.V.,Avenida Ribera de San Cosme No. 114
Ciudad de Mexico,Cuauhtemoc,PL/9326/EXP/ES/2015,SERVICIO GUERRERO Y MARTE S.A. DE C.V.,Marte No. 115
Ciudad de Mexico,Cuauhtemoc,PL/9715/EXP/ES/2015,SÚPER SERVICIO VIADUCTO ELSA S. A.,Avenida San Antonio Abad No. 359
Ciudad de Mexico,Gustavo A. Madero,PL/10159/EXP/ES/2015,NACIONAL DE COMBUSTIBLES Y LUBRICANTES S.A. DE C.V.,Donizetti No. 315 Y Calzada de Los Misterios
Ciudad de Mexico,Gustavo A. Madero,PL/1059/EXP/ES/2015,SERVICIO ADEME S.A. DE C.V.,Avenida 510 No. 340
Ciudad de Mexico,Gustavo A. Madero,PL/10877/EXP/ES/2015,SERVICIO COLIMA S. A.,Avenida Loreto Favela No. 743
Ciudad de Mexico,Gustavo A. Madero,PL/12800/EXP/ES/2015,SOCIEDAD COOPERATIVA EJIDAL DE SAN PEDRO ZACATENCO S. C. L.,Avenida Ticoman No. 480
Ciudad de Mexico,Gustavo A. Madero,PL/13632/EXP/ES/2016,SERVICIO ADONIS S.A. DE C.V.,Avenida Eduardo Molina No. 6674
Ciudad de Mexico,Gustavo A. Madero,PL/1723/EXP/ES/2015,SERVICIO CLAVE S.A. DE C.V.,Clave No. 394
Ciudad de Mexico,Gustavo A. Madero,PL/2017/EXP/ES/2015,ESTACIÓN TERMINAL DEL NORTE S.A. DE C.V.,Avenida Lázaro Cárdenas No. 555
Ciudad de Mexico,Gustavo A. Madero,PL/2052/EXP/ES/2015,HR SOL SERVICIOS ADMINISTRATIVOS FONDO 3 S.A DE C.V.,Avenida de La Ventisca No. 100
Ciudad de Mexico,Gustavo A. Madero,PL/22553/EXP/ES/MM/2019,"CONTROL MOBILE S.O.S., S.A. DE C.V.",INSURGENTES NORTE ESQUINA AVENIDA TICOMAN
Ciudad de Mexico,Gustavo A. Madero,PL/2320/EXP/ES/2015,ESTACIÓN CINCUENTA Y UNO S.A. DE C.V.,Adolfo López Mateos No. 2
Ciudad de Mexico,Gustavo A. Madero,PL/2385/EXP/ES/2015,GASO-MEX S.A. DE C.V.,Avenida Montevideo No. 99
Ciudad de Mexico,Gustavo A. Madero,PL/2585/EXP/ES/2015,SÚPER SERVICIO VALLEJO S.A. DE C.V.,Calzada Vallejo No. 1637
Ciudad de Mexico,Gustavo A. Madero,PL/3100/EXP/ES/2015,LIDERGAS SERVICIO S.A. DE C.V.,Avenida Ticomán No. 1190
Ciudad de Mexico,Gustavo A. Madero,PL/3155/EXP/ES/2015,MARÍA ANA TATO DEZA,Calle San Juan de Aragón No. 772
Ciudad de Mexico,Gustavo A. Madero,PL/3210/EXP/ES/2015,CONSORCIO GASOLINERO PLUS S.A. DE C.V.,Calzada de Guadalupe No. 312
Ciudad de Mexico,Gustavo A. Madero,PL/3540/EXP/ES/2015,LUBRICANTES ROBI S.A. DE C.V.,Avenida Cantera No. 134
Ciudad de Mexico,Gustavo A. Madero,PL/3626/EXP/ES/2015,JOSÉ LUIS GULIAS MERELLES,Avenida Talisman No. 4103
Ciudad de Mexico,Gustavo A. Madero,PL/3728/EXP/ES/2015,IMPULSO PETROLERO S.A. DE C.V.,Avenida Insurgentes Norte No. 1037
Ciudad de Mexico,Gustavo A. Madero,PL/4073/EXP/ES/2015,CONTROLADORA DE ESTACIONES DE SERVICIO S.A. DE C.V.,Miguel Planas No. 51
Ciudad de Mexico,Gustavo A. Madero,PL/4690/EXP/ES/2015,ESTACIONES DE ECOLOGICAS DE SERVICIO S.A. DE C.V.,Avenida 412 No. 1
Ciudad de Mexico,Gustavo A. Madero,PL/4940/EXP/ES/2015,GASOLINERA LAM S.A. DE C.V.,Avenida Emiliano Zapata No. 198
Ciudad de Mexico,Gustavo A. Madero,PL/5190/EXP/ES/2015,SERVICIO ESTANZUELA S.A. DE C.V.,Avenida Centenario N0. 1787
Ciudad de Mexico,Gustavo A. Madero,PL/537/EXP/ES/2015,PETROMAX S.A. DE C.V.,Avenida Vicente Villada Esquina Ferrocarril Hidalgo
Ciudad de Mexico,Gustavo A. Madero,PL/6408/EXP/ES/2015,CONSORCIO GASOLINERO PLUS S.A. DE C.V.,Calzada Vallejo No. 1055 Esquina Piniente 128 Y Poniente 122
Ciudad de Mexico,Gustavo A. Madero,PL/6427/EXP/ES/2015,SERVICIO RAMÍREZ E HIJOS S.A. DE C.V.,Norte 82 No. 5122
Ciudad de Mexico,Gustavo A. Madero,PL/6598/EXP/ES/2015,CONSORCIO GASOLINERO PLUS S.A. DE C.V.,Avenida Instituto Politecnico Nacional No. 1881
Ciudad de Mexico,Gustavo A. Madero,PL/6733/EXP/ES/2015,CONSORCIO GASOLINERO PLUS S.A. DE C.V.,Montevideo No. 2 Y Calzada de Los Misterios
Ciudad de Mexico,Gustavo A. Madero,PL/6738/EXP/ES/2015,CONSORCIO GASOLINERO PLUS S.A. DE C.V.,Calzada de Guadalupe No. 516 Esquina Necaxa
Ciudad de Mexico,Gustavo A. Madero,PL/8584/EXP/ES/2015,NACIONAL DE COMBUSTIBLES Y LUBRICANTES S.A. DE C.V.,Avenida 3-A No. 142
Ciudad de Mexico,Gustavo A. Madero,PL/9102/EXP/ES/2015,GASOLINERIA MONTEVIDEO S.A. DE C.V.,Avenida Montevideo No. 244
Ciudad de Mexico,Gustavo A. Madero,PL/9425/EXP/ES/2015,ESTACIÓN DE SERVICIO CIEN METROS S.A. DE C.V.,Eje Central Lázaro Cárdenas No. 605
Ciudad de Mexico,Gustavo A. Madero,PL/9594/EXP/ES/2015,SERVICIO COMBUSA S.A. DE C.V.,Avenida Cuitlahuac No. 131
Ciudad de Mexico,Gustavo A. Madero,PL/9702/EXP/ES/2015,SABINO AGUIRRE S.A. DE C.V.,Avenida Ipn No. 4904
Ciudad de Mexico,Gustavo A. Madero,PL/9704/EXP/ES/2015,GASOLINERA ACUEDUCTO GUADALUPE S.A. DE C.V.,Avenida de La Ventisca No. 29
Ciudad de Mexico,Gustavo A. Madero,PL/9713/EXP/ES/2015,"SUPER SERVICIO MEXPASIM, SA DE CV",Avenida Juventino Rosas No. 27
Ciudad de Mexico,Gustavo A. Madero,PL/9723/EXP/ES/2015,ALEJANDRO MARIO OCHOA FRAGOSO,Avenida de Los 100 Metros No. 230
Ciudad de Mexico,Gustavo A. Madero,PL/986/EXP/ES/2015,GRUPO ANHUAR S.A. DE C.V.,Avenida Centenario No. 1870
Ciudad de Mexico,Iztacalco,PL/1434/EXP/ES/2015,SERVICIO FENTO S.A. DE C.V.,Avenida Norte No. 341
Ciudad de Mexico,Iztacalco,PL/3187/EXP/ES/2015,CONSORCIO GASOLINERO PLUS S.A. DE C.V.,Plutarco Elias Calles No. 1 Esquina Rio Churubusco
Ciudad de Mexico,Iztacalco,PL/3192/EXP/ES/2015,MARQUICE S.A. DE C.V.,Calle 7 No. 448
Ciudad de Mexico,Iztacalco,PL/3209/EXP/ES/2015,CONSORCIO GASOLINERO PLUS S.A. DE C.V.,Coruña No. 454
Ciudad de Mexico,Iztacalco,PL/4092/EXP/ES/2015,SERVICIO ORIENTAL S.A. DE C.V.,Avenida Sur 12 B No. 51
Ciudad de Mexico,Iztacalco,PL/6363/EXP/ES/2015,RAFAEL HERNÁNDEZ LÓPEZ,Calzada La Viga No. 798
Ciudad de Mexico,Iztacalco,PL/6706/EXP/ES/2015,CONSORCIO GASOLINERO PLUS S.A. DE C.V.,Plutarco Elias Calles No. 1022 Y Playa Icacos
Ciudad de Mexico,Iztacalco,PL/7704/EXP/ES/2015,JUAMBELZ NEGOCIOS S.A. DE C.V.,Calzada Tlalpan No. 424
Ciudad de Mexico,Iztacalco,PL/7797/EXP/ES/2015,SERVICIO VERTIZ S.A. DE C.V.,Dr. José María Vertiz No. 417
Ciudad de Mexico,Iztacalco,PL/9714/EXP/ES/2015,SERVICIOS SIMPA S.A. DE C.V.,Avenida Plutarco Elias Calles No. 430
Ciudad de Mexico,Iztapalapa,PL/10186/EXP/ES/2015,INMOBILIARIA CORSAL S.A. DE C.V.,Calzada de La Viga No. 1395
Ciudad de Mexico,Iztapalapa,PL/1053/EXP/ES/2015,SÚPER SERVICIO DIAMANTE S.A. DE C.V.,Tolentino No. 10
Ciudad de Mexico,Iztapalapa,PL/10884/EXP/ES/2015,SAN LORENZO TEZONCO S.A. DE C.V.,Calzada San Lorenzo No. 1147
Ciudad de Mexico,Iztapalapa,PL/11028/EXP/ES/2015,OPERADORA DE MINIESTACIONES COMBUSERV S.A. DE C.V.,Avenida Javier Rojo Gomez No. 482
Ciudad de Mexico,Iztapalapa,PL/1125/EXP/ES/2015,SERVICIO MARVIC S.A. DE C.V.,Calzada Ignacio Zaragoza No. 1350
Ciudad de Mexico,Iztapalapa,PL/1140/EXP/ES/2015,EL PABELLÓN MEXICANO S.A. DE C.V.,Canal de San Juan No. 6
Ciudad de Mexico,Iztapalapa,PL/1144/EXP/ES/2015,"GPDC Estaciones de Servicio, S. A. DE C. V.",Calzada de La Viga No. 1112
Ciudad de Mexico,Iztapalapa,PL/12765/EXP/ES/2015,COMBUSTIBLES ERMITA S.A. DE C.V.,Avenida Javier Rojo Gomez N0. 311
Ciudad de Mexico,Iztapalapa,PL/1447/EXP/ES/2015,OPERADORA ERMITA S.A. DE C.V.,Calzada Ermita Iztapalapa No. 205
Ciudad de Mexico,Iztapalapa,PL/1781/EXP/ES/2015,SERVICIOS ESTRELLA S.A. DE C.V.,Calzada Ermita Iztapalapa No. 1565
Ciudad de Mexico,Iztapalapa,PL/1835/EXP/ES/2015,SERVICIO TERREMOTES S.A. DE C.V.,Calzada Ermita Iztapalapa No. 2120
Ciudad de Mexico,Iztapalapa,PL/1880/EXP/ES/2015,SERVICIO NUEVA ROSITA S.A. DE C.V.,Contadores No. 20
Ciudad de Mexico,Iztapalapa,PL/1973/EXP/ES/2015,JAPI S.A. DE C.V.,Calzada Ignacio Zaragoza No. 1900
Ciudad de Mexico,Iztapalapa,PL/2207/EXP/ES/2015,SERVICIO LEYES DE REFORMA S.A. DE C.V.,Canal de Tezontle No. 2623
Ciudad de Mexico,Iztapalapa,PL/22629/EXP/ES/2019,"SANTA MARÍA AZTAHUACAN, S.A. DE C.V.",AV. DE LAS TORRES NÚMERO 4
Ciudad de Mexico,Iztapalapa,PL/24408/EXP/ES/2022,"CR 88, S.A.P.I. DE C.V.",Autopista Federal México-Puebla Km 17.5
Ciudad de Mexico,Iztapalapa,PL/24484/EXP/ES/2022,SERVICIO ROGOSA S.A. DE C.V.,AVENIDA GUELATAO 156
Ciudad de Mexico,Iztapalapa,PL/2600/EXP/ES/2015,SÚPER SERVICIO PERIFÉRICO S.A. DE C.V.,Avenida Michoacán No. 20
Ciudad de Mexico,Iztapalapa,PL/2612/EXP/ES/2015,GASOLINERIA PAGA S.A. DE C.V.,Avenida Ignacio Zaragoza No. 2608
Ciudad de Mexico,Iztapalapa,PL/2904/EXP/ES/2015,SERVICIO LOS TRES COMPADRES S.A. DE C.V.,Avenida Leyes de Reforma No. 57
Ciudad de Mexico,Iztapalapa,PL/2951/EXP/ES/2015,CONSORCIO GASOLINERA CENTRAL IV S.A. DE C.V.,Avenida Javier Rojo Gómez No. 645
Ciudad de Mexico,Iztapalapa,PL/3188/EXP/ES/2015,GAS ABASTO S.A. DE C.V.,Canal de Río Churubusco No. 2
Ciudad de Mexico,Iztapalapa,PL/3324/EXP/ES/2015,REFACCIONES MODERNAS ROMERO HNOS S.A. DE C.V.,Avenida Ermita Iztapalapa No. 4020
Ciudad de Mexico,Iztapalapa,PL/4072/EXP/ES/2015,BP ESTACIONES Y SERVICIOS ENERGÉTICOS S.A. DE C.V.,Avenida 5 No. 287 A
Ciudad de Mexico,Iztapalapa,PL/4164/EXP/ES/2015,FUENTE LAS VARAS,Avenida Tlahuac No. 331 Y 333
Ciudad de Mexico,Iztapalapa,PL/4166/EXP/ES/2015,SERVICIO EL ESCUDO S.A. DE C.V.,Prolongación Arneses No. 550
Ciudad de Mexico,Iztapalapa,PL/4170/EXP/ES/2015,PUERTO ALISAS S.A. DE C.V.,Calle Tianguis No. 16
Ciudad de Mexico,Iztapalapa,PL/4388/EXP/ES/2015,ABASTECEDORA SUZUKA S.A. DE C.V.,Avenida Leyes de Reforma No. 1
Ciudad de Mexico,Iztapalapa,PL/472/EXP/ES/2015,PETROMAX S.A. DE C.V.,Avenida San Lorenzo Tezonco No. 429
Ciudad de Mexico,Iztapalapa,PL/4769/EXP/ES/2015,ALBERTO CABALLERO NAVARRO,Calzada Ermita Iztapalapa No. 221
Ciudad de Mexico,Iztapalapa,PL/4917/EXP/ES/2015,PUERTO ALISAS S.A. DE C.V.,Marcelino Buendia No. 92
Ciudad de Mexico,Iztapalapa,PL/4962/EXP/ES/2015,AGUILAR CORDERO ERNESTO,Calzada Ignacio Zaragoza No. 2275
Ciudad de Mexico,Iztapalapa,PL/5267/EXP/ES/2015,JU VITA S.A. DE C.V.,Avenida Javier Rojo Gomez No. 531
Ciudad de Mexico,Iztapalapa,PL/5306/EXP/ES/2015,SERVICIO TRES ENCINAS S.A. DE C.V.,Eje 5 Sur No. 44
Ciudad de Mexico,Iztapalapa,PL/5312/EXP/ES/2015,INMOBILIARIA AJA GOMEZ S.A. DE C.V.,Eje 6 Sur No. 955
Ciudad de Mexico,Iztapalapa,PL/5330/EXP/ES/2015,SERVICIO APATLACO S.A. DE C.V.,Avenida Apatlaco No. 307
Ciudad de Mexico,Iztapalapa,PL/5332/EXP/ES/2015,SERVICIO LOMAS ESTRELLA S.A. DE C.V.,Avenida Tlahuac No. 4344
Ciudad de Mexico,Iztapalapa,PL/5488/EXP/ES/2015,ESTACIONES ESCOLOGICAS DE SERVICIOS S.A. DE C.V.,Calzada Ignacio Zaragoza No. 1535
Ciudad de Mexico,Iztapalapa,PL/5926/EXP/ES/2015,RÍO TUERTO S.A. DE C.V.,Prolongación Arneses No. 549
Ciudad de Mexico,Iztapalapa,PL/631/EXP/ES/2015,GASOLINERÍA MAGNOLIAS S.A. DE C.V.,Vialidad Principal Lt. 1 Circuito Fruta Y Legumbres
Ciudad de Mexico,Iztapalapa,PL/6331/EXP/ES/2015,SERVICIOS SANTA MARÍA S. DE R. L. DE C. V.,Avenida Guelatao No. 220
Ciudad de Mexico,Iztapalapa,PL/6334/EXP/ES/2015,ESTACIÓN DE SERVICIO Y GASOLINERIA IGNACIO ZARAGOZA S.A. DE C.V.,Calzada Ignacio Zaragoza No. 2583
Ciudad de Mexico,Iztapalapa,PL/6337/EXP/ES/2015,GASOLINERA ALFA S.A. DE C.V.,Calzada Ignacio Zaragoza No. 2370
Ciudad de Mexico,Iztapalapa,PL/6485/EXP/ES/2015,SERVICIO GARAY S.A. DE C.V.,Calle Benito Juárez No. 1
Ciudad de Mexico,Iztapalapa,PL/6684/EXP/ES/2015,"OPERADORA DE MINIESTACIONES COMBUSERV, S.A. DE C.V",Calzada Javier Rojo Gomez No. 492
Ciudad de Mexico,Iztapalapa,PL/6691/EXP/ES/2015,"OPERADORA DE MINIESTACIONES COMBUSERV, S.A. DE C.V",Calzada Ermita Iztapalapa No. 3048
Ciudad de Mexico,Iztapalapa,PL/6692/EXP/ES/2015,"ESTACIÓN DE CARGA VÍA LÁCTEA, S.A. DE C.V.",Calzada Ermita Iztapalapa No. 2710
Ciudad de Mexico,Iztapalapa,PL/6789/EXP/ES/2015,SERVICIO MORENO PLUTARCO S. A.,Avenida Plutarco Elias Calles No. 1918
Ciudad de Mexico,Iztapalapa,PL/6946/EXP/ES/2015,GAS ACATITLA S.A. DE C.V.,Calzada Ignacio Zaragoza No. 2995
Ciudad de Mexico,Iztapalapa,PL/695/EXP/ES/2015,INMOBILIARIA RAVS S.A. DE C.V.,Del Circuito de Frutas Y Verduras Mz. 11 Lt. 11
Ciudad de Mexico,Iztapalapa,PL/7405/EXP/ES/2015,ESTACIÓN DE CARGA VÍA LÁCTEA S.A. DE C.V.,Mz. 12 Area de Servicios Complementarios
Ciudad de Mexico,Iztapalapa,PL/7740/EXP/ES/2015,INMOBILIARIA TERMINAL DE CARGA ORIENTE S.A. DE C.V.,Avenida Transportistas No. 15 Condominio Rojolts. 123 Y 4.
Ciudad de Mexico,Iztapalapa,PL/855/EXP/ES/2015,SERVICIO GEYSER S.A. DE C.V.,Calle Francisco Villar No. 19
Ciudad de Mexico,Iztapalapa,PL/8696/EXP/ES/2015,SERVICIO TULCINGO S.A. DE C.V.,Avenida Tlahuac No. 1742
Ciudad de Mexico,Iztapalapa,PL/8925/EXP/ES/2015,CORPORACIÓN GASOLINERA MILLENIUM S.A. DE C.V.,Tolteca No. 69 Eje 4 Oriente
Ciudad de Mexico,Iztapalapa,PL/8926/EXP/ES/2015,CORPORACIÓN GASOLINERA MILLENIUM S.A. DE C.V.,Calzada Ermita Iztapalapa No. 3389
Ciudad de Mexico,Iztapalapa,PL/919/EXP/ES/2015,SERVICIO MIRLO S.A. DE C.V.,Avenida Canal de Tezontle No. 4
Ciudad de Mexico,Iztapalapa,PL/985/EXP/ES/2015,LA VICENTINA S.A. DE C.V.,Avenida Jalisco No. 75
Ciudad de Mexico,La Magdalena Contreras,PL/10758/EXP/ES/2015,FRANCISCO GUERRERRO ORTEGA,Avenida San Jeronimo No. 914
Ciudad de Mexico,Miguel Hidalgo,PL/10346/EXP/ES/2015,SERVICIO EL PRIETO S. A.,San Bartolo Naucalpan No. 377
Ciudad de Mexico,Miguel Hidalgo,PL/1110/EXP/ES/2015,GRUPO DISTRIBUIDOR ASOCIADO DE ENERGÉTICOS S.A. DE C.V.,Avenida Patriotismo No. 191
Ciudad de Mexico,Miguel Hidalgo,PL/1142/EXP/ES/2015,SERVICIO LOMAS DE SOTELO S.A. DE C.V.,Avenida Lomas de Sotelo No. 1103
Ciudad de Mexico,Miguel Hidalgo,PL/1444/EXP/ES/2015,"GPDC Estaciones de Servicio, S. A. DE C. V.",Avenida Ejército Nacional No. 125
Ciudad de Mexico,Miguel Hidalgo,PL/1511/EXP/ES/2015,SERVICIOS AVENIDA S.A. DE C.V.,Marina Nacional No. 204
Ciudad de Mexico,Miguel Hidalgo,PL/21363/EXP/ES/2018,"ESTACIÓN DE SERVICIO BOLONIA, S.A. DE C.V.",BOULEVARD ADOLFO LÓPEZ MATEOS 112
Ciudad de Mexico,Miguel Hidalgo,PL/2429/EXP/ES/2015,CONSORCIO GASOLINERO PLUS S.A. DE C.V.,José Iturrigaray No. 110
Ciudad de Mexico,Miguel Hidalgo,PL/24410/EXP/ES/2022,"CR 88, S.A.P.I. DE C.V.","Avenida Río San Joaquín, No. 5976, Esq. Lago Ginebra"
Ciudad de Mexico,Miguel Hidalgo,PL/3211/EXP/ES/2015,CONSORCIO GASOLINERO PLUS S.A. DE C.V.,Protasio Tagle No. 2 Y 4 Esquina Maderos
Ciudad de Mexico,Miguel Hidalgo,PL/3384/EXP/ES/2015,SERVICIO ANZURES S.A. DE C.V.,Bahia de Santa Barbara No. 182
Ciudad de Mexico,Miguel Hidalgo,PL/3520/EXP/ES/2015,SERVICIO ARENAS S.A. DE C.V.,Parque Lira No. 137
Ciudad de Mexico,Miguel Hidalgo,PL/5299/EXP/ES/2015,SERVICIO HERMANOS SILVA S.A. DE C.V.,Lago Hielmar No. 1 Esquina Naur
Ciudad de Mexico,Miguel Hidalgo,PL/5658/EXP/ES/2015,SERVICIO PATZCUARO S.A. DE C.V.,Laguna de Terminos No. 516
Ciudad de Mexico,Miguel Hidalgo,PL/6366/EXP/ES/2015,"FUENTE DE CARGA PREFECTA , S.A. DE C.V.",Avenida Marina Nacional No. 191
Ciudad de Mexico,Miguel Hidalgo,PL/6683/EXP/ES/2015,CONSORCIO GASOLINERO PLUS S.A. DE C.V.,José Marti No. 210 Y Prosperidad
Ciudad de Mexico,Miguel Hidalgo,PL/6723/EXP/ES/2015,CONSORCIO GASOLINERO PLUS S.A. DE C.V.,Carlos B. Zetina No. 117 Y José Marti
Ciudad de Mexico,Miguel Hidalgo,PL/6751/EXP/ES/2015,CONSORCIO GASOLINERO PLUS S.A. DE C.V.,Lago Argentina No. 7
Ciudad de Mexico,Miguel Hidalgo,PL/6938/EXP/ES/2015,OPERADORA MÉXICO TACUBA S.A. DE C.V.,Calzada México Tacuba No. 610
Ciudad de Mexico,Miguel Hidalgo,PL/7057/EXP/ES/2015,GRUPO GASOLINERO DAT S. A. P. I. DE C. V.,Avenida Constituyentes No. 373
Ciudad de Mexico,Miguel Hidalgo,PL/7804/EXP/ES/2015,SERVICIO CONSCRIPTO S.A. DE C.V.,Avenida del Conscripto No. 1
Ciudad de Mexico,Miguel Hidalgo,PL/7805/EXP/ES/2015,SERVICIO NAVARRO S.A. DE C.V.,Boulevard Manuel Avila Camacho No. 103
Ciudad de Mexico,Miguel Hidalgo,PL/7904/EXP/ES/2015,SERVICIOS FELUSA S.A. DE C.V.,Avenida Revolución No. 267
Ciudad de Mexico,Miguel Hidalgo,PL/8275/EXP/ES/2015,HIDROSINA PLUS S. A. P. I. DE C. V.,Mar Mediterraneo Y Okostsk
Ciudad de Mexico,Miguel Hidalgo,PL/843/EXP/ES/2015,GASOLINERIA LOMALINDA 0194 S.A. DE C.V.,Paseo de La Reforma No. 1005
Ciudad de Mexico,Miguel Hidalgo,PL/8538/EXP/ES/2015,NACIONAL DE COMBUSTIBLES Y LUBRICANTES S.A. DE C.V.,Golfo de Riga No. 7
Ciudad de Mexico,Miguel Hidalgo,PL/8916/EXP/ES/2015,GASOTANNY S.A. DE C.V.,Calzada Legaria No. 211
Ciudad de Mexico,Miguel Hidalgo,PL/978/EXP/ES/2015,ESTACIÓN DE SERVICIO GAALBO S.A. DE C.V.,Mariano Escobedo No. 177 Esquina Con Laguna de Términos
Ciudad de Mexico,Miguel Hidalgo,PL/982/EXP/ES/2015,APROVECHAMIENTOS Y SERVICIOS S.A. DE C.V.,Presa Don Martin No. 71
Ciudad de Mexico,Miguel Hidalgo,PL/990/EXP/ES/2015,SERVICIO PERIVIA S.A. DE C.V.,Manuel Dublan No. 53
Ciudad de Mexico,Milpa Alta,PL/13126/EXP/ES/2016,INMOBILIARIA MILLOALTO S.A. DE C.V.,Boulevard José López Portillo No. 657-B
Ciudad de Mexico,Milpa Alta,PL/5072/EXP/ES/2015,OLESMA S.A. DE C.V.,Avenida Nuevo Leon No. 167
Ciudad de Mexico,Tlahuac,PL/1002/EXP/ES/2015,SERVICIO CIPRESES S.A. DE C.V.,Avenida Tláhuac No. 5243
Ciudad de Mexico,Tlahuac,PL/21555/EXP/ES/2018,"SERVICIO EJE 10 SUR DIAMANTE, S.A. DE C.V.",EJE 10 SUR No. 1676
Ciudad de Mexico,Tlahuac,PL/2978/EXP/ES/2015,ESTEFANIA PÉREZ RUIZ,Avenida Tlahuac No. 5927
Ciudad de Mexico,Tlahuac,PL/4519/EXP/ES/2015,CONSORCIO GASOLINERO PLUS S.A. DE C.V.,Calzada Tulyehualco No. 5661
Ciudad de Mexico,Tlahuac,PL/6540/EXP/ES/2015,GASOLINERÍA MIRAMONTES S.A. DE C.V.,Avenida Tlahuac No. 7081
Ciudad de Mexico,Tlahuac,PL/8651/EXP/ES/2015,SERVICIO JAVIER MEZA S.A. DE C.V.,Avenida Tlahuac No. 8308
Ciudad de Mexico,Tlalpan,PL/1138/EXP/ES/2015,SERVICIO PERIFÉRICO ARENAL S.A. DE C.V.,Periférico Sur No. 4991
Ciudad de Mexico,Tlalpan,PL/11487/EXP/ES/2015,SERVICIO GRANSUR S.A. DE C.V.,Boulevard Adolfo Ruiz Cortinez No. 5499
Ciudad de Mexico,Tlalpan,PL/2143/EXP/ES/2015,SERVICIO ROBLEDO S.A. DE C.V.,Calzada del Hueso No. 971
Ciudad de Mexico,Tlalpan,PL/2198/EXP/ES/2015,SERVICIO EL NUEVO PEDREGAL S.A. DE C.V.,Boulevard Adolfo Ruiz Cortines No. 5453 Esquina 12a Oriente
Ciudad de Mexico,Tlalpan,PL/22909/EXP/ES/2019,"SERVICIO RESERVA AJUSCO, S.A. DE C.V.",Avenida México-Ajusco No. 621
Ciudad de Mexico,Tlalpan,PL/24006/EXP/ES/2022,"SERVICIO EL NUEVO PEDREGAL, S.A. DE C.V.","Boulevard Adolfo Ruiz Cortines (Periferico Sur), número 5185"
Ciudad de Mexico,Tlalpan,PL/25048/EXP/ES/2023,"GASOLINERIA DEL FUTURO, S.A. DE C.V.",Av. México Ajusco Número 13
Ciudad de Mexico,Tlalpan,PL/25652/EXP/ES/2024,COMBUSTIBLES ALCANTARA S.A. DE C.V.,GONZALO GARITA NÚMERO 1
Ciudad de Mexico,Tlalpan,PL/2594/EXP/ES/2015,SERVICIO MENA S.A. DE C.V.,Periférico Sur No. 4813
Ciudad de Mexico,Tlalpan,PL/2996/EXP/ES/2015,PIROTE S.A. DE C.V.,Carretera Federal a Cuernavaca No. 5100
Ciudad de Mexico,Tlalpan,PL/3856/EXP/ES/2015,INN NUEVA YORK S.A. DE C.V.,Boulevard Picacho Ajusco No. 4
Ciudad de Mexico,Tlalpan,PL/4649/EXP/ES/2015,"SOLUCIONES P&L, S.A.P.I. DE C. V.",Carretera Picacho Ajusco No. 914
Ciudad de Mexico,Tlalpan,PL/4714/EXP/ES/2015,Soluciones P&L S. A. P. I. de C. V.,Carretera Picacho Ajusco No. 537
Ciudad de Mexico,Tlalpan,PL/6546/EXP/ES/2015,VIMA OL S.A. DE C.V.,Calle de La Cruz Blanca N0 515
Ciudad de Mexico,Tlalpan,PL/662/EXP/ES/2015,GASOLINERÍA COLEGIO MILITAR S.A. DE C.V.,Autopista México Cuernavaca No. 4367
Ciudad de Mexico,Tlalpan,PL/694/EXP/ES/2015,OPERADORA STA. ELENA S.A. DE C.V.,Prolongación Guadalupe Victoria No. 79
Ciudad de Mexico,Tlalpan,PL/7149/EXP/ES/2015,ESTACIÓN DE SERVICIO 0210 S.A. DE C.V.,Calzada de Tlalpan No. 4342
Ciudad de Mexico,Tlalpan,PL/7851/EXP/ES/2015,NACIONAL DE COMBUSTIBLES Y LUBRICANTES S.A. DE C.V.,Tizmin No. 121
Ciudad de Mexico,Tlalpan,PL/821/EXP/ES/2015,GASOLINERÍA MÉXICO - AJUSCO 1 S.A. DE C.V.,Avenida Hidalgo No. 83
Ciudad de Mexico,Tlalpan,PL/9009/EXP/ES/2015,NEPSOL S.A. DE C.V.,Avenida San Fernando No. 44
Ciudad de Mexico,Tlalpan,PL/9611/EXP/ES/2015,SERVICIOS SAN NICOLAS S.A. DE C.V.,Tetiz No. 280
Ciudad de Mexico,Tlalpan,PL/9669/EXP/ES/2015,SERVICIO 5441 S.A. DE C.V.,Carretera Picacho - Ajusco No. 745
Ciudad de Mexico,Tlalpan,PL/975/EXP/ES/2015,UNIDAD LEO S. A.,Insurgentes Sur No. 4767
Ciudad de Mexico,Tlalpan,PL/981/EXP/ES/2015,SÚPER SERVICIO COAPA S.A. DE C.V.,Acoxpa No. 722
Ciudad de Mexico,Venustiano Carranza,PL/1000/EXP/ES/2015,ESTACIÓN DE SERVICIO NUEVO MILENIO S.A. DE C.V.,Calle Norte 180 No. 574
Ciudad de Mexico,Venustiano Carranza,PL/10207/EXP/ES/2015,JOSÉ IGNACIO BERRONDO AVALOS,Francisco Espejel No. 2
Ciudad de Mexico,Venustiano Carranza,PL/10284/EXP/ES/2015,SERVICIO CIUDAD DEPORTIVA S.A. DE C.V.,Avenida Rio de La Piedad No. 156 Y Calle 47
Ciudad de Mexico,Venustiano Carranza,PL/1035/EXP/ES/MM/2015,SERVICIO MACARMEX S. A.,Avenida del Peñón No. 30
Ciudad de Mexico,Venustiano Carranza,PL/1063/EXP/ES/2015,PERSIMOBILE S.A. DE C.V.,Avenida Ing. Eduardo Molina No. 422
Ciudad de Mexico,Venustiano Carranza,PL/1099/EXP/ES/2015,FIGUER GAS S.A. DE C.V.,Héroes de Nacozari No. 54
Ciudad de Mexico,Venustiano Carranza,PL/1173/EXP/ES/2015,SERVICIO BOTURINI S.A. DE C.V.,Lorenzo Boturini No. 479
Ciudad de Mexico,Venustiano Carranza,PL/1229/EXP/ES/2015,SERVICIO CONSULADO S.A. DE C.V.,Rupias No. 100
Ciudad de Mexico,Venustiano Carranza,PL/12734/EXP/ES/2015,INMOBILIARIA RÍO CONSULADO S.A. DE C.V.,Avenida Rio Consulado No. 2071
Ciudad de Mexico,Venustiano Carranza,PL/1307/EXP/ES/2015,SERVICIO RAGGAS S.A. DE C.V.,Avenida 16 No. 13
Ciudad de Mexico,Venustiano Carranza,PL/1309/EXP/ES/2015,"TOTAL MEXICO, S.A. DE C.V.",Avenida Río Consulado No. 2884
Ciudad de Mexico,Venustiano Carranza,PL/1401/EXP/ES/2015,"OPERADORA DE ESTACIONES GL, S.A. DE C.V.",Fray Servando Teresa de Mier No. 965
Ciudad de Mexico,Venustiano Carranza,PL/1419/EXP/ES/2015,"ESTACIÓN DE SERVICIO LAZIO, S.A. DE C.V.",Alberto Santos Dumont No. 192
Ciudad de Mexico,Venustiano Carranza,PL/1627/EXP/ES/2015,ADMINISTRADORA BOTURINI S.A. DE C.V.,Lorenzo Boturini No. 362
Ciudad de Mexico,Venustiano Carranza,PL/2368/EXP/ES/2015,OPERADORA LA PIEDAD S.A. DE C.V.,Avenida Rio de La Piedad No. 1048
Ciudad de Mexico,Venustiano Carranza,PL/24028/EXP/ES/2022,"INMOBILIARIA ESMAGAS, S.A. DE C.V.",Blvd. Puerto Aéreo No. 135
Ciudad de Mexico,Venustiano Carranza,PL/2472/EXP/ES/2015,SERVICIO MADERO S.A. DE C.V.,Labradores No. 102
Ciudad de Mexico,Venustiano Carranza,PL/3201/EXP/ES/2015,CONSORCIO GASOLINERO PLUS S.A. DE C.V.,General Anaya No. 175
Ciudad de Mexico,Venustiano Carranza,PL/4133/EXP/ES/2015,SERVICIO NORTE S.A. DE C.V.,Avenida Canal del Norte No. 156
Ciudad de Mexico,Venustiano Carranza,PL/4943/EXP/ES/2015,GRUPO GENDE S.A. DE C.V.,Avenida del Trabajo No. 60
Ciudad de Mexico,Venustiano Carranza,PL/5461/EXP/ES/2015,ESTACIONES ESCOLOGICAS DE SERVICIOS S.A. DE C.V.,Boulevard Puerto Aereo No. 272
Ciudad de Mexico,Venustiano Carranza,PL/5495/EXP/ES/2015,ESTACIONES ESCOLOGICAS DE SERVICIOS S.A. DE C.V.,Calzada Ignacio Zaragoza No. 212
Ciudad de Mexico,Venustiano Carranza,PL/5881/EXP/ES/2015,SERVICIO DELORRE S.A. DE C.V.,H. Congreso de La Unión No. 22
Ciudad de Mexico,Venustiano Carranza,PL/7717/EXP/ES/2015,AEROPUERTOS Y SERVICIOS AUXILIARES,Avenida Carlos Leon Aeropuerto Internacional Cd. México
Ciudad de Mexico,Venustiano Carranza,PL/7800/EXP/ES/2015,COMERCIAL ULISES S.A. DE C.V.,Calzada Ignacio Zaragoza No. 753
Ciudad de Mexico,Venustiano Carranza,PL/8147/EXP/ES/2015,"GPDC Estaciones de Servicio, S. A. DE C. V.",Avenida Rio Consulado No. 2011
Ciudad de Mexico,Venustiano Carranza,PL/8151/EXP/ES/2015,INMOBILIARIA LOS REYES FIASA S.A. DE C.V.,Boulevard Puerto Aereo No. 134
Ciudad de Mexico,Venustiano Carranza,PL/8462/EXP/ES/2015,ESTACIÓN LA LAGUNA S.A. DE C.V.,Calzada Pena Y Pena No. 86
Ciudad de Mexico,Venustiano Carranza,PL/8770/EXP/ES/2015,ESTACIÓN DE SERVICIOS PARA AUTOS CIRCUITO S.A. DE C.V.,Avenida Rio Consulado No. 2955
Ciudad de Mexico,Venustiano Carranza,PL/8939/EXP/ES/2015,CORPORACIÓN GASOLINERA MILLENIUM S.A. DE C.V.,José Juaquin Herrera No. 110
Ciudad de Mexico,Venustiano Carranza,PL/9015/EXP/ES/2015,OCTANT S.A. DE C.V.,Avenida Oceania No. 235
Ciudad de Mexico,Xochimilco,PL/19018/EXP/ES/2016,ADMINISTRADORA DE GASOLINERAS XOCHIMILCO S.A. DE C.V.,Avenida Prolongación División del Norte No. 5322
Ciudad de Mexico,Xochimilco,PL/22554/EXP/ES/MM/2019,"CONTROL MOBILE S.O.S., S.A. DE C.V.",PROLONGACION DIVISION DEL NORTE SIN NUMERO PB
Ciudad de Mexico,Xochimilco,PL/4218/EXP/ES/2015,"SERVICIO PEÑA LABRA, S.A. DE C.V.",Periférico Sur No. 7421
Ciudad de Mexico,Xochimilco,PL/4966/EXP/ES/2015,ERNESTO AGUILAR CORDERO,Calzada Xochimilco Tulyehualco No. 58
Ciudad de Mexico,Xochimilco,PL/5277/EXP/ES/2015,SERVICIO CUEXOCH S.A. DE C.V.,Periférico Sur No. 7685
Ciudad de Mexico,Xochimilco,PL/691/EXP/ES/2015,GASOLINERIA MALLORCA S.A. DE C.V.,Avenida Aquiles Serdán No. 238
Ciudad de Mexico,Xochimilco,PL/6979/EXP/ES/2015,SERVICIO TULYEHUALCO S.A. DE C.V.,Francisco I. Madero No. 369
Ciudad de Mexico,Xochimilco,PL/8706/EXP/ES/2015,GASOLINERIAS PS S.A. DE C.V.,Avenida Guadalupe I Ramirez No. 351
Ciudad de Mexico,Xochimilco,PL/918/EXP/ES/2015,INMOBILIARIA TEPEPAN S.A. DE C.V.,La Noria